
SET FOREIGN_KEY_CHECKS=0;

TRUNCATE TABLE `Classe`;
--
-- Contenu de la table `Classe`
--

INSERT INTO `Classe` (`idClasse`, `Niveau`, `Nom_Classe`, `Nombre_Eleves_Max`, `Ecole_idEcole`) VALUES
(1, 'PS', 'Anemone', 20, 1),
(2, 'MS', 'Lilas', 20, 1),
(3, 'GS', 'Violette', 20, 1),
(4, 'CP', 'Peuplier', 25, 1),
(5, 'CE1', 'Saule', 25, 1),
(6, 'CE2', 'Thym', 25, 1),
(7, 'CM1', 'Origan', 25, 1),
(8, 'CM2', 'Seigle', 25, 1),
(9, 'PS', 'Paquerette', 20, 1),
(10, 'MS', 'Rose', 20, 1),
(11, 'GS', 'Renoncule', 20, 1),
(12, 'CP', 'Chene', 25, 1),
(13, 'CE1', 'Hetre', 25, 1),
(14, 'CE2', 'Laurier', 25, 1),
(15, 'CM1', 'Girofle', 25, 1),
(16, 'CM2', 'Sarrazin', 25, 1);


TRUNCATE TABLE `Coordonnees`;
--
-- Contenu de la table `Coordonnees`
--

INSERT INTO `Coordonnees` (`idAdresse`, `Adresse_1`, `Adresse_2`, `Code_Postal`, `Ville`, `Telephone_1`, `Telephone_2`) VALUES
(1, '1 RUE DE LA DORDOGNE', ' ', 31650, 'SAINT-ORENS', '0512345689', '0615946359'),
(2, '1 RUE DES SOURCES', ' ', 31270, 'CUGNAUX', '0534267864', '0637868534'),
(3, 'RUE FRANCOIS ARAGO', ' ', 31319, 'LABEGE', '0534267858', '0637868528'),
(4, '16 RUE FAIDHERBE', ' ', 31670, 'LABEGE', '0599887773', '0703488443'),
(5, 'DOMAINE DE MATENS', 'PLULOINLABA', 31104, 'TOULOUSE', '0512345678', '0615946348'),
(6, '1 RUE ALLEE DE LA SOURCE', ' ', 31140, 'AUCAMVILLE', '0534267859', '0637868529'),
(7, '10 PLACE AUGER GAILLARD', ' ', 31650, 'SAINT-ORENS', '0589764542', '0693365212'),
(8, '48 RUE FOULINOU', ' ', 31700, 'CORNEBARRIEU', '0534562352', '0638163022'),
(9, '57 AVENUE MARECHAL DELATTRE DE TASSIGNY', ' ', 31500, 'TOULOUSE', '0534562347', '0638163017'),
(10, 'PLOUMAIL', ' ', 31130, 'FLOURENS', '0524765229', '0628365899'),
(11, '6 RUE D''AUBUISSON', ' ', 31650, 'SAINT-ORENS', '0512345691', '0615946361'),
(12, '281 RUE DU ROC', ' ', 31400, 'TOULOUSE', '0589764554', '0693365224'),
(13, 'CHAZELLE', 'CEPALA', 31240, 'L''UNION', '0512345690', '0615946360'),
(14, '13 RUE HENRY REGNAVIT', ' ', 31670, 'LABEGE', '0524765228', '0628365898'),
(15, '47 RUE GALINOU', ' ', 31674, 'LABEGE', '0599887766', '0703488436'),
(16, '39 RUE DES AULNES', ' ', 31660, 'BESSIERES', '0512345693', '0615946363'),
(17, 'LA DURANTIE', ' ', 31660, 'BESSIERES', '0534562349', '0638163019'),
(18, '1 RUE LAUTREAMONT', ' ', 31667, 'LABEGE', '0589764543', '0693365213'),
(19, '5 BD G CLEMENCEAU', ' ', 31106, 'TOULOUSE', '0534562353', '0638163023'),
(20, '19 RUE DU ML LECLERC  THERDONNE', ' ', 31140, 'AUCAMVILLE', '0534267869', '0637868539'),
(21, '9 CHEMIN EN COMBES', ' ', 31200, 'TOULOUSE', '0512345682', '0615946352'),
(22, '13 PLACE DU GRAND ROND', ' ', 31700, 'BLAGNAC', '0534267868', '0637868538'),
(23, '28 CHEMIN CARETTES', ' ', 31319, 'LABEGE', '0512345698', '0615946368'),
(24, '356 AV DE L EUROPE', ' ', 31840, 'VILLEMUR / TARN', '0512345680', '0615946350'),
(25, '3 CHEMIN DES FEES', ' ', 31190, 'MAURESSAC', '0599887770', '0703488440'),
(26, '9 RUE PAULIN TALABOT', ' ', 31200, 'TOULOUSE GRAMMONT', '0534267856', '0637868526'),
(27, '265 BD DE LA MADELEINE', ' ', 31240, 'SAINT JEAN', '0599887767', '0703488437'),
(28, '58 RUE DE LA BANQUE', ' ', 31200, 'TOULOUSE', '0589764548', '0693365218'),
(29, 'EN GAUBERT', 'RN  7', 31200, 'TOULOUSE', '0599887767', '0703488437'),

(64, 'JOVINAL', ' ', 31810, 'LE VERNET', '5247605219', '0628365889'),
(65, '281 RUE DU ROC', ' ', 31000, 'TOULOUSE', '0524765212', '0628365882'),
(66, 'LE PLO', ' ', 31140, 'SAINT ALBAN', '0512345683', '0615946353'),
(67, '15 BOULEVARD DES ALLEES', ' ', 31200, 'TOULOUSE GRAMMONT', '0534562350', '0638163020'),
(68, '62 RUE E BRANLY', ' ', 31400, 'TOULOUSE', '0512345679', '0615946349'),
(69, 'SAINT MARTIN', ' ', 31520, 'RAMONVILLE ST AGNE', '0599887770', '0703488440'),
(70, 'LA GIBERTIERE', ' ', 31100, 'TOULOUSE', '0524765210', '0628365880'),
(71, 'AVENUE DE SAINT EXUPERY', ' ', 31650, 'SAINT-ORENS', '0589764538', '0693365208'),
(72, '3224 ROUTE DE MENDE', ' ', 31700, 'CORNEBARRIEU', '0512345696', '0615946366'),
(73, 'LE BOURG', ' ', 31120, 'PORTET SUR GARONNE', '0589764552', '0693365222'),
(74, 'RUE EMILE ZOLA', ' ', 31420, 'L''UNION', '0599887767', '0703488437'),
(75, '92 RUE DE FENOUILLET', ' ', 31770, 'COLOMIERS', '0534562355', '0638163025'),
(76, 'SAGNECROZE', ' 6 RUE DE GASCOGNE', 31520, 'RAMONVILLE', '0534562355', '0638163025'),
(77, 'PUECH AURIOL', ' ', 31319, 'LABEGE', '0512345698', '0615946368'),
(78, '13 BIS RUE MAURICE BOMPARD', ' ', 31120, 'PORTET SUR GARONNE', '0534562349', '0638163019'),
(79, '7 ALLEE DE LONDRES ZA DE COURTABOEUF', ' ', 31450, 'FOURQUEVAUX', '0599887774', '0703488444'),
(80, '156 BIS AV DE LAVAUR', ' ', 31270, 'CUGNAUX', '0534267857', '0637868527'),
(81, 'LE CREMISSAL', ' ', 31130, 'BALMA', '0512345679', '0615946349'),
(82, '101 RUE GABRIEL PERI', ' ', 31810, 'LE VERNET', '0534267854', '0637868524'),
(83, '31 IMPASSE DU PIC VERT', ' ', 31670, 'LABEGE', '0589764550', '0693365220'),
(84, '2 RUE MOZART', ' ', 31600, 'MURET', '0599887771', '0703488441'),
(85, 'SARLABOU', ' ', 31600, 'MURET', '0512345697', '0615946367'),
(86, '16 CHEMIN MARTICOT', ' ', 31270, 'VILLENEUVE TOLOSANE', '0589764555', '0693365225'),
(87, '2 RUE ALFRED KASTLER', ' ', 31520, 'RAMONVILLE ST AGNE', '0534562345', '0638163015'),
(88, '10 AV MAXWELL BP 1006', ' ', 31700, 'CORNEBARRIEU', '0524765213', '0628365883'),
(89, '1 RUE CHRISTIAN D''ESPIC', ' ', 31670, 'LABEGE', '0512345689', '0615946359'),
(90, 'HAMEAU DE BARTHES', ' ', 31770, 'COLOMIERS', '0589764542', '0693365212'),
(91, '15 HLM CHEMIN DE LA GRANGE', ' ', 31200, 'TOULOUSE', '0524765226', '0628365896'),
(92, '6 RUE DE TIRRECHAPPE FEROLLES', ' ', 31340, 'LA MAGDELEINE', '0534267858', '0637868528'),
(93, '1 AVENUE DU LAURAGAIS', ' ', 31660, 'BESSIERES', '0589764539', '0693365209'),
(94, '160 AV DE GRANDE BRETAGNE', ' ', 31319, 'LABEGE', '0512345699', '0615946369'),
(95, '80 GALERIE DE LA CHARTREUSE', ' ', 31667, 'LABEGE', '0512345682', '0615946352'),
(96, '8 RUE DES JARDINS', ' ', 31650, 'SAINT-ORENS', '0534267868', '0637868538'),
(97, '13 RUE DES ACCACIAS', ' ', 31130, 'QUINT FONSEGRIVE', '0524765221', '0628365891'),
(98, 'L''ESPITAL', '284 ROUTE DE SAINT SIMON', 31200, 'TOULOUSE', '0534562348', '0638163018'),
(99, '60 RUE DES ORTEAUX', ' ', 31370, 'POUCHARAME', '0512345693', '0615946363'),
(100, '3-4 RUE DES MINIMES', ' ', 31770, 'COLOMIERS', '0512345697', '0615946367'),
(101, '345 AV D''ARES', ' ', 31770, 'COLOMIERS', '0534562345', '0638163015'),
(102, '14 RUE TIMBAL', ' ', 31200, 'TOULOUSE', '0534267854', '0637868524'),
(103, 'MONHARGUES', ' ', 31200, 'TOULOUSE', '0534562354', '0638163024'),
(104, '28 CHEMIN CARETTES', ' ', 31000, 'TOULOUSE', '0534562356', '0638163026'),
(105, '57 AVENUE MARECHAL DELATTRE DE TASSIGNY', ' ', 31319, 'LABEGE', '0512345692', '0615946362'),
(106, 'PLACE DU MOULIN', ' ', 31270, 'VILLENEUVE TOLOSANE', '0524765217', '0628365887'),
(107, '4 RUE CHARLES PERRAULT', ' ', 31130, 'FLOURENS', '0534562357', '0638163027'),
(108, '15 HLM CHEMIN DE LA GRANGE', ' ', 31200, 'TOULOUSE', '0589764549', '0693365219'),
(109, 'LA SABLONNIERE', ' ', 31100, 'TOULOUSE', '0524765214', '0628365884'),
(110, '57 RUE DU BEARNAIS', ' ', 31319, 'LABEGE', '0589764544', '0693365214'),
(111, '9 RUE PAULIN TALABOT', ' ', 31701, 'BLAGNAC CEDEX', '0524765229', '0628365899'),
(112, '1 CHEMIN NOTRE DAME', ' ', 31667, 'LABEGE', '0599887774', '0703488444'),
(113, '41 BIS RUE PORTA', ' ', 31140, 'AUCAMVILLE', '0599887773', '0703488443'),
(114, '500 ROUTE DES LUCIOLES', ' ', 31270, 'VILLENEUVE TOLOSANE', '0512345684', '0615946354'),
(115, '3 CHEMIN DES FEES', ' ', 31650, 'SAINT-ORENS', '0512345699', '0615946369'),
(116, '24 RUE CAUSSADE', ' ', 31700, 'CORNEBARRIEU', '0534562351', '0638163021'),
(117, 'RUE DIECHE', ' ', 31400, 'TOULOUSE', '0534562353', '0638163023'),
(118, '4 RUE ALEXIS DE TOCQUEVILLE', ' ', 31130, 'QUINT FONSEGRIVE', '0512345687', '0615946357'),
(119, 'ENGUEUR', ' ', 31701, 'BLAGNAC', '0524765223', '0628365893'),
(120, 'LES BARRAQUES', '3 RUE DU STADE', 31140, 'AUCAMVILLE', '0534562351', '0638163021'),
(121, 'Lieu dit BOLE', ' ', 31200, 'TOULOUSE', '0512345688', '0615946358'),
(122, '1 RUE LAUTREAMONT', ' ', 31700, 'CORNEBARRIEU', '0534267856', '0637868526'),
(123, 'AV DE PEZENAS', ' ', 31770, 'COLOMIERS', '0512345690', '0615946360'),
(124, '46 RUE DE PROVENCE', ' ', 31190, 'MAURESSAC', '0534267866', '0637868536'),
(125, '24 RUE CAUSSADE', ' ', 31700, 'CORNEBARRIEU', '0524765222', '0628365892'),
(126, '4 PLACE DE L''EGLISE', ' ', 31120, 'PORTET SUR GARONNE', '0512345678', '0615946348'),
(127, '14 RUE BUFFON', ' ', 31180, 'ROUFFIAC', '5247605221', '0628365891'),
(128, 'ROUTE DE BROUSSE', ' ', 31328, 'LABEGE', '0524765219', '0628365889'),
(129, 'LAS GRAQUES', ' ', 31106, 'TOULOUSE', '0512345690', '0615946360'),
(130, '51 RUE PIERRE CURIE', ' ', 31290, 'MONTCLAR LAURAGAIS', '0589764554', '0693365224'),
(131, '39 AV CHAMPOLLION', ' ', 31106, 'TOULOUSE', '0524765209', '0628365879'),
(132, '10 RUE JEAN JAURES', ' ', 31770, 'COLOMIERS CEDEX', '0599887766', '0703488436'),
(133, 'AV DE PEZENAS', ' ', 31770, 'COLOMIERS', '0524765213', '0628365883'),
(134, '46 BVD BARBAUNEPE', ' ', 31180, 'ROUFFIAC', '0534267860', '0637868530'),
(135, 'RAVEL', ' 23 RUE JACQUES OFFENBACH', 31319, 'LABEGE', '0524765209', '0628365879'),
(136, 'MAISONNENQUE', ' ', 31200, 'TOULOUSE GRAMMONT', '0512345696', '0615946366'),
(137, '15 GRAND RUE', ' ', 31200, 'TOULOUSE', '0524765211', '0628365881'),
(138, 'ROUTE DE TEILLET', ' ', 31370, 'POUCHARAMET', '0534562359', '0638163029'),
(139, 'LOUVIGNES', ' ', 31200, 'TOULOUSE', '0589764555', '0693365225'),
(140, '64 TER RUE DU VIEUX PORT', ' ', 31400, 'TOULOUSE', '0512345694', '0615946364'),
(141, '1 AV DU PRESIDENT POMPIDOU', ' ', 31660, 'BESSIERES', '0589764542', '0693365212'),
(142, '32 AVENEUE JEAN CALVET', ' ', 31676, 'LABEGE', '0524765216', '0628365886'),
(143, '2 BD DU MOULIN A VENT', ' ', 31500, 'TOULOUSE', '0534267866', '0637868536'),
(144, '14 RUE COMEDIE', ' ', 31190, 'MAURESSAC', '0512345695', '0615946365'),
(145, '1 RUE DE LA DORDOGNE', ' ', 31674, 'LABEGE', '0534562353', '0638163023'),
(146, '09 RUE BOUDEVILLE', ' ', 31650, 'SAINT-ORENS', '0512345679', '0615946349'),
(147, '92 AV SAINT EXUPERY', ' ', 31770, 'COLOMIERS', '0534267867', '0637868537'),
(148, '2 ALLEE DE LA COMBE LE BOIS DIEU', ' ', 31500, 'TOULOUSE', '0589764546', '0693365216'),
(149, '60 RUE DES ORTEAUX', ' ', 31370, 'POUCHARAME', '0512345686', '0615946356'),
(150, '11 AV JULES PELISSIER', ' ', 31080, 'TOULOUSE', '0524765220', '0628365890'),
(151, '3 RUE LOUIS BREGUET', ' ', 31660, 'BESSIERES', '0512345694', '0615946364'),
(152, '114 RUE DU THEATRE', ' ', 31100, 'TOULOUSE', '0534562345', '0638163015'),
(153, '185 AV DES ETATS UNIS', ' ', 31400, 'TOULOUSE', '0534267864', '0637868534'),
(154, '55 AV EDOUARD HERRIOT', ' ', 31319, 'LABEGE', '0524765218', '0628365888'),
(155, 'CAMPANS', ' 06 CHEMIN DE FENOUILLET', 31650, 'SAINT-ORENS', '0589764554', '0693365224'),
(156, '76 FAUBOURG LACAPELLE', ' ', 31600, 'MURET', '0589764542', '0693365212'),
(157, '25 AV COT', ' ', 31700, 'CORNEBARRIEU', '0599887772', '0703488442'),
(158, '91 BD ALSACE LORRAINE', ' ', 31750, 'ESCALQUENS', '0589764539', '0693365209'),
(159, 'HAMEAU BOSQUET 400 RUE GARREL', ' ', 31770, 'COLOMIERS', '0589764552', '0693365222'),
(160, 'SALLES SUR CEROU', ' ', 31600, 'MURET', '0534562350', '0638163020'),
(161, '111 RUE DE LA FORET BP 59', ' ', 31100, 'TOULOUSE', '0534562347', '0638163017'),
(162, 'MALPAS', ' ', 31200, 'TOULOUSE', '0512345680', '0615946350'),
(163, 'DOMAINE DE LA TRONQUE', 'MALPAS', 31676, 'LABEGE', '0534562352', '0638163022'),
(164, '11 RUE MAURICE RAVEL', ' ', 31084, 'TOULOUSE', '0524765219', '0628365889'),
(165, '33 RUE GANTOIS', ' ', 31701, 'BLAGNAC CEDEX', '0512345678', '0615946348'),
(166, '30 GRAND RUE', ' ', 31670, 'LABEGE', '0534267863', '0637868533'),
(167, '2 BIS RUE VICTOR HUGO', ' ', 31520, 'RAMONVILLE', '0589764547', '0693365217'),
(168, '16 ROUTE DE CASTRES', ' ', 31319, 'LABEGE', '5247605211', '0628365881'),
(169, '25 RUE CAPITAINE JULIA', ' ', 31750, 'ESCALQUENS', '0589764545', '0693365215'),
(170, 'CHEMIN TOLOU ACOT', ' ', 31670, 'LABEGE', '0534267857', '0637868527'),
(171, 'LA MOULINE', ' 3 RUE DE LA PERDRIX', 31100, 'TOULOUSE', '0589764553', '0693365223'),
(172, '274 ROUTE DE LAUNAGUET', ' ', 31840, 'VILLEMUR / TARN', '0599887770', '0703488440'),
(173, '9 RUE HERMES', ' ', 31700, 'CORNEBARRIEU', '0589764543', '0693365213'),
(174, '16 RUE DE GASCOGNE', ' ', 31319, 'LABEGE', '0524765216', '0628365886'),
(175, '20 ST JAMES STREET', ' ', 31667, 'LABEGE', '0524765225', '0628365895'),
(176, '3 RUE DU STADE', ' ', 31100, 'TOULOUSE', '0534562353', '0638163023'),
(177, '9 RUE D''ARQUIE', ' ', 31700, 'CORNEBARRIEU', '0512345684', '0615946354'),
(178, '8 RUE MARYSE HILSZ', ' ', 31660, 'BESSIERES', '0589764538', '0693365208'),
(179, '20 RUE THERON DE MONTAUGE', ' ', 31667, 'LABEGE', '0534267864', '0637868534'),
(180, '32 AV D''ALBI', ' ', 31674, 'LABEGE', '0534267869', '0637868539'),
(181, 'LES JACOUS', ' ', 31200, 'TOULOUSE', '0524765223', '0628365893'),
(182, 'LES BARTHES', ' ', 31180, 'ROUFFIAC', '0512345688', '0615946358'),
(183, 'RUE JOSEPH RIGAL', ' ', 31500, 'TOULOUSE', '0534267860', '0637868530'),
(184, '20 RUE RAMPAL', ' ', 31660, 'BESSIERES', '0589764548', '0693365218'),
(185, '1 ALLEE DES DAHLIAS', ' ', 31660, 'BESSIERES', '0524765226', '0628365896'),
(186, '8 RUE DU MINERVOIS', ' ', 31650, 'SAINT-ORENS', '0589764544', '0693365214'),
(187, 'LE PLO', ' ', 31140, 'SAINT ALBAN', '0589764547', '0693365217'),
(188, 'ROUTE D''AUTERIVE', ' ', 31319, 'LABEGE', '0534267855', '0637868525'),
(189, '35 RUE DE VALENTON ZI LES PETITES HAIES', ' ', 31840, 'VILLEMUR / TARN', '0512345688', '0615946358'),
(190, 'AV GAMBETTA', ' ', 31620, 'FRONTON', '0534562358', '0638163028'),
(191, '4 BOULEVARD ARAGO BP 108', ' ', 31120, 'PORTET SUR GARONNE', '0512345699', '0615946369'),
(192, '13 RUE AUGUSTE RODIN', ' ', 31120, 'PORTET SUR GARONNE', '0512345693', '0615946363'),
(193, '4 RUE FOCH', ' ', 31140, 'AUCAMVILLE', '0599887770', '0703488440'),
(194, '164 RUE DE LA CROIX NIVERT', ' ', 31328, 'LABEGE', '0589764541', '0693365211');


TRUNCATE TABLE `Ecole`;
--
-- Contenu de la table `Ecole`
--

INSERT INTO `Ecole` (`idEcole`, `Nom`, `Personne_idPersonne`, `Coordonnees_idAdresse`) VALUES
(1, 'Groupe scolaire de la Molaire', 29, 29);



TRUNCATE TABLE `Personne`;
--
-- Contenu de la table `Personne`
--

INSERT INTO `Personne` (`idPersonne`, `Nom`, `Prenom`, `Sexe`, `Date_Naissance`, `Statut`) VALUES



-- Les Employés:


(1, 'BETBELE', 'THIERRY', 'M', '1954-04-16', 'Instit'),
(2, 'NESSAL', 'FABRICE', 'M', '1954-06-11', 'Instit'),
(3, 'GUTH', 'JEAN MARC', 'M', '1957-04-04', 'Instit'),
(4, 'MIRANDA', 'ELISABETH', 'F', '1957-05-29', 'Instit'),
(5, 'BASTIDE', 'CHRISTIAN', 'M', '1958-03-15', 'Instit'),
(6, 'DELHAYE', 'MICHELLE', 'F', '1958-05-10', 'Instit'),
(7, 'CAMUS', 'REGIS', 'M', '1958-08-27', 'Instit'),
(8, 'SAVATIER', 'EMMANUEL', 'M', '1958-09-21', 'Instit'),
(9, 'GASSIN', 'EDDY', 'M', '1958-12-17', 'Instit'),
(10, 'PARRENS', 'FRANCIS', 'M', '1959-09-09', 'Instit'),
(11, 'MARZULLO', 'JACQUES', 'M', '1959-10-03', 'Instit'),
(12, 'DELHAYE', 'DOMINIQUE', 'M', '1960-04-09', 'Instit'),
(13, 'GREZES', 'JOSE', 'M', '1960-05-17', 'Instit'),
(14, 'ASLAFI', 'MELANIE', 'F', '1960-07-12', 'Instit'),
(15, 'DE RIVALS', 'JOAO', 'M', '1960-10-10', 'Instit'),
(16, 'CHORTEY', 'RENAUD', 'M', '1960-11-04', 'Instit'),
(17, 'MARCHAND', 'CLAIRE JEANNE', 'F', '1962-01-18', 'Maintenance'),
(18, 'BRU', 'MICHEL', 'M', '1962-09-28', 'Maintenance'),
(19, 'PORTES', 'ISABELLE', 'F', '1962-10-22', 'Maintenance'),
(20, 'GUTH', 'PATRICK', 'M', '1963-06-06', 'Maintenance'),
(21, 'THURIES', 'HELEN', 'F', '1963-07-31', 'Garderie'),
(22, 'HERBERA', 'PASCAL', 'M', '1967-05-05', 'Garderie'),
(23, 'SAVATIER', 'DENIS', 'M', '1967-06-18', 'Garderie'),
(24, 'REGNIER', 'ADOLPHE', 'M', '1967-06-30', 'Administration'),
(25, 'CONNOR', 'ISABELLE', 'F', '1967-08-13', 'Administration'),
(26, 'GOMY', 'STEPHEN', 'M', '1968-03-03', 'Cuisine'),
(27, 'LAUVRAY', 'JEAN LOUIS', 'M', '1968-04-28', 'Cuisine'),
(28, 'MEESSEMAN', 'RENE', 'M', '1968-07-24', 'Cuisine'),
(29, 'DROST', 'FRANCIS', 'M', '1973-11-11', 'Directeur'),





-- les eleves:
(64, 'AGE', 'Karl', 'M', '2006-01-07', 'Eleve'),
(65, 'LAPAIX', 'Sanson-Marie-Elsa', 'M', '2006-01-13', 'Eleve'),
(66, 'BANLAIR', 'Jean', 'M', '2006-01-19', 'Eleve'),
(67, 'NOUSGARDER', 'Yves', 'M', '2006-01-22', 'Eleve'),
(68, 'VAISSELLE', 'Aude', 'F', '2006-01-25', 'Eleve'),
(69, 'LAPA', 'Alice', 'F', '2006-01-31', 'Eleve'),
(70, 'DEMENT', 'Daisy', 'F', '2006-02-02', 'Eleve'),
(71, 'TOMME', 'Emma', 'M', '2006-02-04', 'Eleve'),
(72, 'PERE', 'Ines', 'F', '2006-02-11', 'Eleve'),
(73, 'YEUX', 'Victor', 'M', '2006-02-11', 'Eleve'),
(74, 'PEULAPORTE', 'Geoffroy-Angele-Firmin', 'M', '2006-03-03', 'Eleve'),
(75, 'TILTOUPLEIN', 'Jean', 'M', '2006-03-07', 'Eleve'),
(76, 'OINDEJA', 'Cecile', 'F', '2006-03-14', 'Eleve'),
(77, 'MANCHER', 'Sandy', 'F', '2006-03-15', 'Eleve'),
(78, 'SETTE', 'Annie', 'F', '2006-03-21', 'Eleve'),
(79, 'LASSERE', 'Pierre', 'M', '2006-03-26', 'Eleve'),
(80, 'ZAIFAITDUVER', 'Michelle', 'F', '2007-04-06', 'Eleve'),
(81, 'ENET', 'Claire', 'F', '2007-04-18', 'Eleve'),
(82, 'DESCHAMPS', 'Fleur', 'F', '2007-04-30', 'Eleve'),
(83, 'DEMONREGIME', 'Jean-Aymar', 'M', '2007-05-06', 'Eleve'),
(84, 'YELLI', 'Octave', 'M', '2007-05-11', 'Eleve'),
(85, 'SPERERLAPAIX', 'Jose', 'M', '2007-05-18', 'Eleve'),
(86, 'ITABLAMOUR', 'Celine-Eve', 'F', '2007-05-23', 'Eleve'),
(87, 'ANDRIN', 'Alex', 'M', '2007-05-24', 'Eleve'),
(88, 'VIE', 'Aude', 'F', '2007-05-24', 'Eleve'),
(89, 'ILESTCH', 'Armand', 'M', '2007-05-29', 'Eleve'),
(90, 'ATION', 'Eve-Ange-Elise', 'F', '2007-06-12', 'Eleve'),
(91, 'PALDIR', 'Jose', 'M', '2007-06-13', 'Eleve'),
(92, 'QUETTEESTNEUVE', 'Maguy', 'F', '2007-06-18', 'Eleve'),
(93, 'FAIREPARTESTCHOISIJAIGAGNE', 'Simon', 'M', '2007-06-22', 'Eleve'),
(94, 'FINE', 'Louis', 'M', '2007-06-30', 'Eleve'),
(95, 'CHIE', 'Ava', 'F', '2007-07-01', 'Eleve'),
(96, 'ROND', 'Claire', 'F', '2007-07-01', 'Eleve'),
(97, 'SAINT', 'Honoree', 'M', '2008-07-07', 'Eleve'),
(98, 'DOIGTDESSUS', 'Emile', 'M', '2008-07-13', 'Eleve'),
(99, 'DOUILLE', 'Anne', 'F', '2008-07-19', 'Eleve'),
(100, 'ESTCASSEEPLATRELA', 'Simone et Paule', 'F', '2008-07-23', 'Eleve'),
(101, 'CELERE', 'Jacques', 'M', '2008-07-25', 'Eleve'),
(102, 'PIRE', 'Anna', 'F', '2008-08-05', 'Eleve'),
(103, 'BAD', 'Helene', 'F', '2008-08-08', 'Eleve'),
(104, 'ENVENIR', 'Romain', 'M', '2008-08-17', 'Eleve'),
(105, 'EUNITETE', 'Yannick', 'M', '2008-08-17', 'Eleve'),
(106, 'PEUPLUS', 'Jean', 'M', '2008-09-01', 'Eleve'),
(107, 'LETAPIS', 'Dorian', 'M', '2008-09-09', 'Eleve'),
(108, 'DESANG', 'Anna-Lise', 'F', '2008-09-13', 'Eleve'),
(109, 'DEGOU', 'Line', 'F', '2008-09-15', 'Eleve'),
(110, 'ILLAIRE', 'Max', 'M', '2008-09-20', 'Eleve'),
(111, 'JAIMISLESE', 'Paulette', 'F', '2008-09-27', 'Eleve'),
(112, 'REGLEV', 'Odette', 'M', '2008-10-12', 'Eleve'),
(113, 'GER', 'Laurent', 'M', '2009-10-24', 'Eleve'),
(114, 'PAICHEUR', 'Martin', 'M', '2009-10-24', 'Eleve'),
(115, 'QUETTESTNEUVE', 'Sarah', 'F', '2009-10-31', 'Eleve'),
(116, 'MEMESAMERE', 'Yves-Andre', 'M', '2009-11-01', 'Eleve'),
(117, 'TREUILLE', 'Elie', 'M', '2009-11-05', 'Eleve'),
(118, 'ZIEUXBLEUS', 'Bruno', 'M', '2009-11-12', 'Eleve'),
(119, 'TALU', 'Jean', 'M', '2009-11-17', 'Eleve'),
(120, 'RATIF', 'Luc', 'M', '2009-11-18', 'Eleve'),
(121, 'SETUTENRUM', 'Sancho', 'M', '2009-11-25', 'Eleve'),
(122, 'SOUSLACOUP', 'Paule', 'F', '2009-11-29', 'Eleve'),
(123, 'CIENCORE', 'Germain', 'M', '2009-11-30', 'Eleve'),
(124, 'KELLER', 'Modeste', 'M', '2009-12-06', 'Eleve'),
(125, 'BAMBOIS', 'Jean', 'M', '2009-12-18', 'Eleve'),
(126, 'AIRPOURTOUS', 'Debbie', 'F', '2009-12-19', 'Eleve'),
(127, 'AGE', 'Marie', 'F', '2009-12-24', 'Eleve'),
(128, 'ICULAIRE', 'Laure', 'F', '2009-01-01', 'Eleve'),
(129, 'EMOI', 'Lise', 'F', '2009-01-07', 'Eleve'),
(130, 'EVITABLE', 'Celine', 'F', '2009-01-07', 'Eleve'),
(131, 'SACAILLEAULIT', 'Sandra', 'F', '2010-01-08', 'Eleve'),
(132, 'NOUSLEDIRE', 'Eva', 'F', '2010-01-12', 'Eleve'),
(133, 'VERSE', 'Alain', 'M', '2010-01-15', 'Eleve'),
(134, 'LAME', 'Eric', 'M', '2010-01-19', 'Eleve'),
(135, 'ANNIE', 'Sam', 'M', '2010-01-25', 'Eleve'),
(136, 'BA', 'Lise', 'F', '2010-01-25', 'Eleve'),
(137, 'DALORS', 'Homere', 'M', '2010-01-26', 'Eleve'),
(138, 'CESTQUILESTPASMORT', 'Sylvie', 'F', '2010-01-29', 'Eleve'),
(139, 'OTDUVILLAGE', 'Lydie', 'F', '2010-02-01', 'Eleve'),
(140, 'GALE', 'Martin', 'M', '2010-02-02', 'Eleve'),
(141, 'VALISEESTPRETEPARTONS', 'Zita', 'F', '2010-02-04', 'Eleve'),
(142, 'LAMPAL', 'Eugene', 'M', '2010-02-08', 'Eleve'),
(143, 'NITABLAREPASSER', 'Jennifer', 'F', '2010-02-08', 'Eleve'),
(144, 'TOKILEBON', 'Olga', 'F', '2010-02-09', 'Eleve'),
(145, 'GAT', 'Rene', 'M', '2011-02-13', 'Eleve'),
(146, 'OPERA', 'Marie-Chantal', 'F', '2011-02-14', 'Eleve'),
(147, 'TOUTSEULS', 'Sebastienne', 'F', '2011-02-18', 'Eleve'),
(148, 'LITU', 'Annie', 'F', '2011-02-20', 'Eleve'),
(149, 'JAIPATROP', 'Aime', 'M', '2011-02-21', 'Eleve'),
(150, 'PLITLESEAU', 'Laurent', 'M', '2011-02-23', 'Eleve'),
(151, 'ERRE', 'Axel', 'M', '2011-02-26', 'Eleve'),
(152, 'TUNAPLUK', 'Amedee', 'M', '2011-02-26', 'Eleve'),
(153, 'TARE', 'Guy', 'M', '2011-02-27', 'Eleve'),
(154, 'LAME', 'Theo', 'M', '2011-03-02', 'Eleve'),
(155, 'IEN', 'Gregor', 'M', '2011-03-03', 'Eleve'),
(156, 'ITIQUE', 'Paul', 'M', '2011-03-05', 'Eleve'),
(157, 'LAPLA', 'Annette', 'F', '2011-03-09', 'Eleve'),
(158, 'LAME', 'Annie', 'F', '2011-03-10', 'Eleve'),
(159, 'CHOCHIEN', 'Melanie', 'F', '2011-03-12', 'Eleve'),
(160, 'HUILDA', 'Rachid', 'M', '2011-03-24', 'Eleve'),
(161, 'MEMONTONEZ', 'Larissa', 'F', '2011-03-27', 'Eleve'),
(162, 'LESSIVE', 'Aude', 'F', '2011-03-28', 'Eleve'),
(163, 'LALIGN', 'Marc', 'M', '2012-03-29', 'Eleve'),
(164, 'LANUIT', 'Theodore-Sandra', 'M', '2012-03-31', 'Eleve'),
(165, 'PORE', 'Eva', 'F', '2012-04-04', 'Eleve'),
(166, 'AUMAS', 'Modeste', 'M', '2012-04-08', 'Eleve'),
(167, 'GENE', 'Eric', 'M', '2012-04-10', 'Eleve'),
(168, 'AGE', 'Marc', 'M', '2012-04-11', 'Eleve'),
(169, 'REVE', 'Herbert', 'M', '2012-04-15', 'Eleve'),
(170, 'PESTEL''AIL', 'Jean', 'M', '2012-04-16', 'Eleve'),
(171, 'LAOUATE', 'Herman', 'M', '2012-04-22', 'Eleve'),
(172, 'RELANDE', 'Guy', 'M', '2012-04-25', 'Eleve'),
(173, 'PROVISTE', 'Alain', 'M', '2012-04-27', 'Eleve'),
(174, 'LESILESGRE', 'Nadine', 'F', '2012-04-28', 'Eleve'),
(175, 'SOURCE', 'Aude', 'F', '2012-04-29', 'Eleve'),
(176, 'DECAFE', 'Marc', 'M', '2012-04-30', 'Eleve'),
(177, 'DON', 'Guy', 'M', '2012-05-05', 'Eleve'),
(178, 'JORDE', 'Annie', 'F', '2012-05-07', 'Eleve'),
(179, 'LECHEMIN', 'Jean-Pierre', 'M', '2012-05-11', 'Eleve'),
(180, 'LACOU', 'Paule', 'F', '2013-05-12', 'Eleve'),
(181, 'TIMES', 'Vincent', 'M', '2013-05-14', 'Eleve'),
(182, 'ERBOUTIQUE', 'Ari', 'M', '2013-05-19', 'Eleve'),
(183, 'CAIL', 'Aubert', 'M', '2013-05-26', 'Eleve'),
(184, 'BONBLANC', 'Jean', 'M', '2013-05-30', 'Eleve'),
(185, 'MILARCHALO', 'Noe', 'M', '2013-05-31', 'Eleve'),
(186, 'OLQUILUILANUI', 'Lucie', 'F', '2013-05-31', 'Eleve'),
(187, 'FERINE', 'Lucie', 'F', '2013-06-01', 'Eleve'),
(188, 'ULAIRE', 'Anne', 'F', '2013-06-06', 'Eleve'),
(189, 'DANSONJUS', 'Marine', 'F', '2013-06-07', 'Eleve'),
(190, 'ENGELU', 'Romain', 'M', '2013-06-12', 'Eleve'),
(191, 'MACEAVANCE', 'Elie', 'M', '2013-06-12', 'Eleve'),
(192, 'SEME', 'Agnes', 'F', '2013-06-19', 'Eleve'),
(193, 'JEMLEZ', 'Olive', 'M', '2013-06-20', 'Eleve'),
(194, 'ELISER', 'Eve-Ange', 'F', '2013-06-24', 'Eleve'),



-- personne a prevenir pour le personnel

(562, 'BETBELE', 'LOUIS', '', '0000-00-00', 'Epoux(se)'),
(563, 'NESSAL', 'ANDRE', '', '0000-00-00', 'Collateral'),
(564, 'GUTH', 'SHINTAN', '', '0000-00-00', 'Collateral'),
(565, 'MIRANDA', 'JOSE', '', '0000-00-00', 'Epoux(se)'),
(566, 'BASTIDE', 'FRANCK', '', '0000-00-00', 'Epoux(se)'),
(567, 'DELHAYE', 'FREDERIC', '', '0000-00-00', 'Parent'),
(568, 'CAMUS', 'ROBERT', '', '0000-00-00', 'Epoux(se)'),
(569, 'SAVATIER', 'MONIQUE', '', '0000-00-00', 'Epoux(se)'),
(570, 'GASSIN', 'BRIGITTE', '', '0000-00-00', 'Collateral'),
(571, 'PARRENS', 'RENE', '', '0000-00-00', 'Epoux(se)'),
(572, 'MARZULLO', 'ANNIE', '', '0000-00-00', 'Parent'),
(573, 'DELHAYE', 'CHRISTIAN', '', '0000-00-00', 'Epoux(se)'),
(574, 'GREZES', 'AURORE', '', '0000-00-00', 'Parent'),
(575, 'ASLAFI', 'GERARD', '', '0000-00-00', 'Collateral'),
(576, 'DE RIVALS', 'KARINE', '', '0000-00-00', 'Parent'),
(577, 'CHORTEY', 'JEAN CLAUDE', '', '0000-00-00', 'Epoux(se)'),
(578, 'MARCHAND', 'JEAN JACQUES', '', '0000-00-00', 'Parent'),
(579, 'BRU', 'ANTONIO', '', '0000-00-00', 'Epoux(se)'),
(580, 'PORTES', 'INGO', '', '0000-00-00', 'Parent'),
(581, 'GUTH', 'KARINE', '', '0000-00-00', 'Parent'),
(582, 'THURIES', 'PHILIPPE', '', '0000-00-00', 'Epoux(se)'),
(583, 'HERBERA', 'PHILIPPE', '', '0000-00-00', 'Epoux(se)'),
(584, 'SAVATIER', 'AXELLE', '', '0000-00-00', 'Collateral'),
(585, 'REGNIER', 'YASMINA', '', '0000-00-00', 'Epoux'),
(586, 'CONNOR', 'THOMAS', '', '0000-00-00', 'Epoux(se)'),
(587, 'GOMY', 'THIERRY', '', '0000-00-00', 'Epoux(se)'),
(588, 'LAUVRAY', 'FRANCIS', '', '0000-00-00', 'Epoux(se)'),
(589, 'MEESSEMAN', 'REGIS', '', '0000-00-00', 'Parent'),
(590, 'DROST', 'JEAN CLAUDE', '', '0000-00-00', 'Epoux(se)'),







-- personnel a prevenir pour les eleves
(625, 'AGE', 'IRENE', '', '0000-00-00', 'Parent'),
(626, 'LAPAIX', 'HASSAN', '', '0000-00-00', 'Parent'),
(627, 'BANLAIR', 'FRANCIS', '', '0000-00-00', 'Collateral'),
(628, 'NOUSGARDER', 'MICHEL', '', '0000-00-00', 'Nourice'),
(629, 'VAISSELLE', 'CORINNE', '', '0000-00-00', 'Institution'),
(630, 'LAPA', 'FREDERIC', '', '0000-00-00', 'Grand Parent'),
(631, 'DEMENT', 'MICHEL', '', '0000-00-00', 'Tuteur'),
(632, 'TOMME', 'LUCIE', '', '0000-00-00', 'Parent'),
(633, 'PERE', 'PASCAL', '', '0000-00-00', 'Grand Parent'),
(634, 'YEUX', 'DIEGO', '', '0000-00-00', 'Grand Parent'),
(635, 'PEULAPORTE', 'GENEVIEVE', '', '0000-00-00', 'Collateral'),
(636, 'TILTOUPLEIN', 'CHRISTIAN', '', '0000-00-00', 'Grand Parent'),
(637, 'OINDEJA', 'CLAUDE', '', '0000-00-00', 'Parent'),
(638, 'MANCHER', 'FRANCK', '', '0000-00-00', 'Grand Parent'),
(639, 'SETTE', 'NATHALIE', '', '0000-00-00', 'Nourice'),
(640, 'LASSERE', 'MARIE HELENE', '', '0000-00-00', 'Parent'),
(641, 'ZAIFAITDUVER', 'MICHEL', '', '0000-00-00', 'Nourice'),
(642, 'ENET', 'MICHEL', '', '0000-00-00', 'Collateral'),
(643, 'DESCHAMPS', 'MARIE CHRISTINE', '', '0000-00-00', 'Parent'),
(644, 'DEMONREGIME', 'BERNARD', '', '0000-00-00', 'Collateral'),
(645, 'YELLI', 'CHRISTINE', '', '0000-00-00', 'Parent'),
(646, 'SPERERLAPAIX', 'ANNE CLAIRE', '', '0000-00-00', 'Parent'),
(647, 'ITABLAMOUR', 'FRANCOISE', '', '0000-00-00', 'Parent'),
(648, 'ANDRIN', 'YVAN', '', '0000-00-00', 'Parent'),
(649, 'VIE', 'DOMINIQUE', '', '0000-00-00', 'Grand Parent'),
(650, 'ILESTCH', 'ERIC', '', '0000-00-00', 'Parent'),
(651, 'ATION', 'NANOU', '', '0000-00-00', 'Parent'),
(652, 'PALDIR', 'OLIVIER', '', '0000-00-00', 'Nourice'),
(653, 'QUETTEESTNEUVE', 'MARTIN', '', '0000-00-00', 'Collateral'),
(654, 'FAIREPARTESTCHOISIJAIGAGNE', 'ANDRE', '', '0000-00-00', 'Tuteur'),
(655, 'FINE', 'CHRISTOPHER', '', '0000-00-00', 'Parent'),
(656, 'CHIE', 'OLIVIER', '', '0000-00-00', 'Grand Parent'),
(657, 'ROND', 'LOIC', '', '0000-00-00', 'Tuteur'),
(658, 'SAINT', 'HELENE', '', '0000-00-00', 'Collateral'),
(659, 'DOIGTDESSUS', 'STEPHANE', '', '0000-00-00', 'Collateral'),
(660, 'DOUILLE', 'MICHEL', '', '0000-00-00', 'Grand Parent'),
(661, 'ESTCASSEEPLATRELA', 'RENE', '', '0000-00-00', 'Parent'),
(662, 'CELERE', 'MARIE CHRISTINE', '', '0000-00-00', 'Parent'),
(663, 'PIRE', 'THIERRY', '', '0000-00-00', 'Parent'),
(664, 'BAD', 'CHRISTOPHE', '', '0000-00-00', 'Parent'),
(665, 'ENVENIR', 'ROBERT', '', '0000-00-00', 'Tuteur'),
(666, 'EUNITETE', 'ANDRE', '', '0000-00-00', 'Parent'),
(667, 'PEUPLUS', 'LUCIE', '', '0000-00-00', 'Nourice'),
(668, 'LETAPIS', 'EMMANUEL', '', '0000-00-00', 'Parent'),
(669, 'DESANG', 'BORIS', '', '0000-00-00', 'Parent'),
(670, 'DEGOU', 'EMMANUEL', '', '0000-00-00', 'Parent'),
(671, 'ILLAIRE', 'DIDIER', '', '0000-00-00', 'Grand Parent'),
(672, 'JAIMISLESE', 'SYLVIE', '', '0000-00-00', 'Nourice'),
(673, 'REGLEV', 'PHILIPPE', '', '0000-00-00', 'Parent'),
(674, 'GER', 'SIMON', '', '0000-00-00', 'Institution'),
(675, 'PAICHEUR', 'PATRICIA', '', '0000-00-00', 'Nourice'),
(676, 'QUETTESTNEUVE', 'AXELLE', '', '0000-00-00', 'Parent'),
(677, 'MEMESAMERE', 'LOUIS', '', '0000-00-00', 'Tuteur'),
(678, 'TREUILLE', 'JACQUES', '', '0000-00-00', 'Collateral'),
(679, 'ZIEUXBLEUS', 'ELIAN', '', '0000-00-00', 'Parent'),
(680, 'TALU', 'THIERRY', '', '0000-00-00', 'Parent'),
(681, 'RATIF', 'BRUNO', '', '0000-00-00', 'Parent'),
(682, 'SETUTENRUM', 'VERONIQUE', '', '0000-00-00', 'Parent'),
(683, 'SOUSLACOUP', 'CHRISTIAN', '', '0000-00-00', 'Parent'),
(684, 'CIENCORE', 'GUILLAUME', '', '0000-00-00', 'Nourice'),
(685, 'KELLER', 'ERIC', '', '0000-00-00', 'Tuteur'),
(686, 'BAMBOIS', 'DANIEL', '', '0000-00-00', 'Grand Parent'),
(687, 'AIRPOURTOUS', 'JEAN JACQUES', '', '0000-00-00', 'Grand Parent'),
(688, 'AGE', 'FRANCIS', '', '0000-00-00', 'Parent'),
(689, 'ICULAIRE', 'JEAN PIERRE', '', '0000-00-00', 'Parent'),
(690, 'EMOI', 'BRUNO', '', '0000-00-00', 'Institution'),
(691, 'EVITABLE', 'ANNE', '', '0000-00-00', 'Parent'),
(692, 'SACAILLEAULIT', 'MARIE CHRISTINE', '', '0000-00-00', 'Grand Parent'),
(693, 'NOUSLEDIRE', 'RENE', '', '0000-00-00', 'Parent'),
(694, 'VERSE', 'VALERIE', '', '0000-00-00', 'Institution'),
(695, 'LAME', 'ALAIN', '', '0000-00-00', 'Parent'),
(696, 'ANNIE', 'FLORENT', '', '0000-00-00', 'Parent'),
(697, 'BA', 'VERONIQUE', '', '0000-00-00', 'Grand Parent'),
(698, 'DALORS', 'MARIE JOSE', '', '0000-00-00', 'Parent'),
(699, 'CESTQUILESTPASMORT', 'THOMAS', '', '0000-00-00', 'Parent'),
(700, 'OTDUVILLAGE', 'CHRISTIAN', '', '0000-00-00', 'Nourice'),
(701, 'GALE', 'JEANINE', '', '0000-00-00', 'Parent'),
(702, 'VALISEESTPRETEPARTONS', 'JOSEPH', '', '0000-00-00', 'Nourice'),
(703, 'LAMPAL', 'FRANCIS', '', '0000-00-00', 'Parent'),
(704, 'NITABLAREPASSER', 'XAVIER', '', '0000-00-00', 'Institution'),
(705, 'TOKILEBON', 'ESTELLE', '', '0000-00-00', 'Parent'),
(706, 'GAT', 'PHILIPPE HENRI', '', '0000-00-00', 'Collateral'),
(707, 'OPERA', 'JEAN MARIE', '', '0000-00-00', 'Parent'),
(708, 'TOUTSEULS', 'CHRISTIAN', '', '0000-00-00', 'Grand Parent'),
(709, 'LITU', 'PATRICIA', '', '0000-00-00', 'Parent'),
(710, 'JAIPATROP', 'JOHANN', '', '0000-00-00', 'Parent'),
(711, 'PLITLESEAU', 'OLIVIER', '', '0000-00-00', 'Parent'),
(712, 'ERRE', 'BERNARD', '', '0000-00-00', 'Parent'),
(713, 'TUNAPLUK', 'OLIVIER', '', '0000-00-00', 'Parent'),
(714, 'TARE', 'BRUNO', '', '0000-00-00', 'Parent'),
(715, 'LAME', 'SANDRA', '', '0000-00-00', 'Grand Parent'),
(716, 'IEN', 'JEAN MICHEL', '', '0000-00-00', 'Nourice'),
(717, 'ITIQUE', 'ERIC', '', '0000-00-00', 'Parent'),
(718, 'LAPLA', 'GERARD', '', '0000-00-00', 'Grand Parent'),
(719, 'LAME', 'ETIENNE', '', '0000-00-00', 'Parent'),
(720, 'CHOCHIEN', 'PHILIPPE', '', '0000-00-00', 'Parent'),
(721, 'HUILDA', 'YVES', '', '0000-00-00', 'Parent'),
(722, 'MEMONTONEZ', 'RENE', '', '0000-00-00', 'Tuteur'),
(723, 'LESSIVE', 'GENEVIEVE', '', '0000-00-00', 'Parent'),
(724, 'LALIGN', 'HENRY', '', '0000-00-00', 'Parent'),
(725, 'LANUIT', 'ANNIE', '', '0000-00-00', 'Parent'),
(726, 'PORE', 'CLAUDE', '', '0000-00-00', 'Parent'),
(727, 'AUMAS', 'JEAN PAUL', '', '0000-00-00', 'Parent'),
(728, 'GENE', 'CHRISTINE', '', '0000-00-00', 'Parent'),
(729, 'AGE', 'CELINE', '', '0000-00-00', 'Parent'),
(730, 'REVE', 'REGIS', '', '0000-00-00', 'Tuteur'),
(731, 'PESTEL''AIL', 'DOMINIQUE', '', '0000-00-00', 'Parent'),
(732, 'LAOUATE', 'DENIS', '', '0000-00-00', 'Parent'),
(733, 'RELANDE', 'ROGER', '', '0000-00-00', 'Parent'),
(734, 'PROVISTE', 'JEAN CLAUDE', '', '0000-00-00', 'Nourice'),
(735, 'LESILESGRE', 'SYLVIE', '', '0000-00-00', 'Parent'),
(736, 'SOURCE', 'SYLVIE', '', '0000-00-00', 'Tuteur'),
(737, 'DECAFE', 'JEAN LUC', '', '0000-00-00', 'Parent'),
(738, 'DON', 'PASCAL', '', '0000-00-00', 'Collateral'),
(739, 'JORDE', 'BERNARD', '', '0000-00-00', 'Parent'),
(740, 'LECHEMIN', 'ANTOINE', '', '0000-00-00', 'Parent'),
(741, 'LACOU', 'LUDWIG', '', '0000-00-00', 'Parent'),
(742, 'TIMES', 'ANTONIO', '', '0000-00-00', 'Parent'),
(743, 'ERBOUTIQUE', 'ELISABETH', '', '0000-00-00', 'Parent'),
(744, 'CAIL', 'GUILLAUME', '', '0000-00-00', 'Nourice'),
(745, 'BONBLANC', 'MICHEL', '', '0000-00-00', 'Parent'),
(746, 'MILARCHALO', 'JEAN JACQUES', '', '0000-00-00', 'Collateral'),
(747, 'OLQUILUILANUI', 'FRANCOIS', '', '0000-00-00', 'Parent'),
(748, 'FERINE', 'PASCAL', '', '0000-00-00', 'Parent'),
(749, 'ULAIRE', 'JEAN', '', '0000-00-00', 'Parent'),
(750, 'DANSONJUS', 'ANDRE', '', '0000-00-00', 'Parent'),
(751, 'ENGELU', 'DANIEL', '', '0000-00-00', 'Grand Parent'),
(752, 'MACEAVANCE', 'DOMINIQUE', '', '0000-00-00', 'Parent'),
(753, 'SEME', 'HELENE', '', '0000-00-00', 'Parent'),
(754, 'JEMLEZ', 'LAURENT', '', '0000-00-00', 'Parent'),
(755, 'ELISER', 'ELOI', '', '0000-00-00', 'Parent');


TRUNCATE TABLE `Pers_Coord`;
--
-- Contenu de la table `Pers_Coord`
--

INSERT INTO `Pers_Coord` (`Personne_idPersonne`, `Coordonnees_idAdresse`) VALUES
(1, 1),
(2, 2),
(3, 3),
(4, 4),
(5, 5),
(6, 6),
(7, 7),
(8, 8),
(9, 9),
(10, 10),
(11, 11),
(12, 12),
(13, 13),
(14, 14),
(15, 15),
(16, 16),
(17, 17),
(18, 18),
(19, 19),
(20, 20),
(21, 21),
(22, 22),
(23, 23),
(24, 24),
(25, 25),
(26, 26),
(27, 27),
(28, 28),
(29, 29),

(64, 64),
(65, 65),
(66, 66),
(67, 67),
(68, 68),
(69, 69),
(70, 70),
(71, 71),
(72, 72),
(73, 73),
(74, 74),
(75, 75),
(76, 76),
(77, 77),
(78, 78),
(79, 79),
(80, 80),
(81, 81),
(82, 82),
(83, 83),
(84, 84),
(85, 85),
(86, 86),
(87, 87),
(88, 88),
(89, 89),
(90, 90),
(91, 91),
(92, 92),
(93, 93),
(94, 94),
(95, 95),
(96, 96),
(97, 97),
(98, 98),
(99, 99),
(100, 100),
(101, 101),
(102, 102),
(103, 103),
(104, 104),
(105, 105),
(106, 106),
(107, 107),
(108, 108),
(109, 109),
(110, 110),
(111, 111),
(112, 112),
(113, 113),
(114, 114),
(115, 115),
(116, 116),
(117, 117),
(118, 118),
(119, 119),
(120, 120),
(121, 121),
(122, 122),
(123, 123),
(124, 124),
(125, 125),
(126, 126),
(127, 127),
(128, 128),
(129, 129),
(130, 130),
(131, 131),
(132, 132),
(133, 133),
(134, 134),
(135, 135),
(136, 136),
(137, 137),
(138, 138),
(139, 139),
(140, 140),
(141, 141),
(142, 142),
(143, 143),
(144, 144),
(145, 145),
(146, 146),
(147, 147),
(148, 148),
(149, 149),
(150, 150),
(151, 151),
(152, 152),
(153, 153),
(154, 154),
(155, 155),
(156, 156),
(157, 157),
(158, 158),
(159, 159),
(160, 160),
(161, 161),
(162, 162),
(163, 163),
(164, 164),
(165, 165),
(166, 166),
(167, 167),
(168, 168),
(169, 169),
(170, 170),
(171, 171),
(172, 172),
(173, 173),
(174, 174),
(175, 175),
(176, 176),
(177, 177),
(178, 178),
(179, 179),
(180, 180),
(181, 181),
(182, 182),
(183, 183),
(184, 184),
(185, 185),
(186, 186),
(187, 187),
(188, 188),
(189, 189),
(190, 190),
(191, 191),
(192, 192),
(193, 193),
(194, 194);



TRUNCATE TABLE `Prevenir`;
--
-- Contenu de la table `Prevenir`
--

INSERT INTO `Prevenir` (`Personne_idPersonne`, `Personne_idPersonne_2`) VALUES
(1, 562),
(2, 563),
(3, 564),
(4, 565),
(5, 566),
(6, 567),
(7, 568),
(8, 569),
(9, 570),
(10, 571),
(11, 572),
(12, 573),
(13, 574),
(14, 575),
(15, 576),
(16, 577),
(17, 578),
(18, 579),
(19, 580),
(20, 581),
(21, 582),
(22, 583),
(23, 584),
(24, 585),
(25, 586),
(26, 587),
(27, 588),
(28, 589),
(29, 590),

(64, 625),
(65, 626),
(66, 627),
(67, 628),
(68, 629),
(69, 630),
(70, 631),
(71, 632),
(72, 633),
(73, 634),
(74, 635),
(75, 636),
(76, 637),
(77, 638),
(78, 639),
(79, 640),
(80, 641),
(81, 642),
(82, 643),
(83, 644),
(84, 645),
(85, 646),
(86, 647),
(87, 648),
(88, 649),
(89, 650),
(90, 651),
(91, 652),
(92, 653),
(93, 654),
(94, 655),
(95, 656),
(96, 657),
(97, 658),
(98, 659),
(99, 660),
(100, 661),
(101, 662),
(102, 663),
(103, 664),
(104, 665),
(105, 666),
(106, 667),
(107, 668),
(108, 669),
(109, 670),
(110, 671),
(111, 672),
(112, 673),
(113, 674),
(114, 675),
(115, 676),
(116, 677),
(117, 678),
(118, 679),
(119, 680),
(120, 681),
(121, 682),
(122, 683),
(123, 684),
(124, 685),
(125, 686),
(126, 687),
(127, 688),
(128, 689),
(129, 690),
(130, 691),
(131, 692),
(132, 693),
(133, 694),
(134, 695),
(135, 696),
(136, 697),
(137, 698),
(138, 699),
(139, 700),
(140, 701),
(141, 702),
(142, 703),
(143, 704),
(144, 705),
(145, 706),
(146, 707),
(147, 708),
(148, 709),
(149, 710),
(150, 711),
(151, 712),
(152, 713),
(153, 714),
(154, 715),
(155, 716),
(156, 717),
(157, 718),
(158, 719),
(159, 720),
(160, 721),
(161, 722),
(162, 723),
(163, 724),
(164, 725),
(165, 726),
(166, 727),
(167, 728),
(168, 729),
(169, 730),
(170, 731),
(171, 732),
(172, 733),
(173, 734),
(174, 735),
(175, 736),
(176, 737),
(177, 738),
(178, 739),
(179, 740),
(180, 741),
(181, 742),
(182, 743),
(183, 744),
(184, 745),
(185, 746),
(186, 747),
(187, 748),
(188, 749),
(189, 750),
(190, 751),
(191, 752),
(192, 753),
(193, 754),
(194, 755);




TRUNCATE TABLE `Pers_Classe`;
--
-- Contenu de la table `Pers_Classe`
--

INSERT INTO `Pers_Classe` (`Classe_idClasse`, `Personne_idPersonne`) VALUES
(8,64),(8,65),(8,66),(8,67),(8,68),(8,69),(8,70),(8,71),(8,72),(8,73),(8,74),(8,75),(8,76),(8,77),(8,78),(8,79),-- Classe de CM2

(7,80),(7,81),(7,82),(7,83),(7,84),(7,85),(7,86),(7,87),(7,88),(7,89),(7,90),(7,91),(7,92),(7,93),(7,94),(7,95),(7,96),-- classe de CM1

(6,97),(6,98),(6,99),(6,100),(6,101),(6,102),(6,103),(6,104),(6,105),(6,106),(6,107),(6,108),(6,109),(6,110),(6,111),(6,112),-- classe de CE2

(5,113),(5,114),(5,115),(5,116),(5,117),(5,118),(5,119),(5,120),(5,121),(5,122),(5,123),(5,124),(5,125),(5,126),(5,127),(5,128),(5,129),(5,130),-- Clasee de CE1

(4,131),(4,132),(4,133),(4,134),(4,135),(4,136),(4,137),(4,138),(4,139),(4,140),(4,141),(4,142),(4,143),(4,144),-- Classe de CP

(3,145),(3,146),(3,147),(3,148),(3,149),(3,150),(3,151),(3,152),(3,153),(3,154),(3,155),(3,156),(3,157),(3,158),(3,159),(3,160),(3,161),(3,162),-- Classe GS

(2,163),(2,164),(2,165),(2,166),(2,167),(2,168),(2,169),(2,170),(2,171),(2,172),(2,173),(2,174),(2,175),(2,176),(2,177),(2,178),(2,179),-- Classe MS

(1,180),(1,181),(1,182),(1,183),(1,184),(1,185),(1,186),(1,187),(1,188),(1,189),(1,190),(1,191),(1,192),(1,193),(1,194), -- Classe PS

(1,1),(2,2),(3,3),(4,4),(5,5),(6,6),(7,7),(8,8),(9,9),(10,10),(11,11),(12,12),(13,13),(14,14),(15,15),(16,16);-- Les Profs






SET FOREIGN_KEY_CHECKS=1;


